,tabular,text,image,kg
tabular,1.0,0.17036526598053164,0.08238582022762729,0.13787671652047864
text,0.17036526598053167,1.0,0.078334824222482,0.19722024867408927
image,0.08238582022762729,0.07833482422248202,1.0,0.06410619150708945
kg,0.13787671652047864,0.19722024867408927,0.06410619150708945,1.0
