,tabular,text,image,kg
tabular,1.0,0.17036526598053164,0.04701077990709273,0.13787671652047864
text,0.17036526598053167,1.0,0.10746942092552002,0.19722024867408927
image,0.04701077990709272,0.10746942092552002,1.0,0.07511925311186786
kg,0.13787671652047864,0.19722024867408927,0.07511925311186787,1.0
