,tabular,text,image,kg
tabular,1.0,0.1434363168911271,0.1309960644737709,0.1661838884862394
text,0.1434363168911271,1.0,0.0857635832258061,0.1729979514610575
image,0.1309960644737709,0.0857635832258061,1.0,0.0575214873023402
kg,0.1661838884862394,0.1729979514610576,0.0575214873023402,1.0
