fold,epoch,val_loss,val_roc_auc,val_accuracy,val_f1
0,16,0.8288659160099332,0.4558787878787879,0.48253968253968255,0.6303854875283447
1,15,0.7171849986863514,0.6265314401622718,0.6126984126984127,0.5850340136054422
2,4,0.7265664153628879,0.40610565213739813,0.5873015873015873,0.015151515151515152
